Country Name,Country Code,Series Name,Series Code,2010 [YR2010],2011 [YR2011],2012 [YR2012],2013 [YR2013],2014 [YR2014],2015 [YR2015],2016 [YR2016],2017 [YR2017],2018 [YR2018],2019 [YR2019],2020 [YR2020]
Afghanistan,AFG,GDP (current US$),NY.GDP.MKTP.CD,15856574731.441,17804292964.1045,20001598505.7042,20561069558.2152,20484885119.7348,19907111418.9938,18017749073.6362,18869945678.4215,18353881129.5246,19291104007.6135,19807067268.1084
Albania,ALB,GDP (current US$),NY.GDP.MKTP.CD,11926928505.5231,12890765324.2256,12319830252.4768,12776217194.7928,13228144008.3428,11386846319.1589,11861200797.4706,13019693450.8816,15147020535.3869,15286612572.6895,14799615097.1008
Algeria,DZA,GDP (current US$),NY.GDP.MKTP.CD,161207310515.42,200013038488.906,209058991952.125,209755003250.664,213810023703.446,165979173991.026,160034162957.738,170097230857.956,175414987760.927,171157803367.473,145163902228.168
American Samoa,ASM,GDP (current US$),NY.GDP.MKTP.CD,573000000,570000000,640000000,638000000,643000000,673000000,671000000,612000000,641000000,638000000,..
Andorra,AND,GDP (current US$),NY.GDP.MKTP.CD,3449966856.68832,3629203786.19154,3188808942.56713,3193704343.20627,3271808157.30038,2789870187.50693,2896679211.86628,3000180750.11297,3218316013.22626,3155065487.51819,..
Angola,AGO,GDP (current US$),NY.GDP.MKTP.CD,83799496611.2004,111789686464.441,128052853643.106,136709862831.194,145712200312.505,116193649124.151,101123851090.455,122123822333.59,101353230784.594,89417190341.2533,62306913444.2917
Antigua and Barbuda,ATG,GDP (current US$),NY.GDP.MKTP.CD,1148700000,1137637037.03704,1199948148.14815,1181448148.14815,1249733333.33333,1336692592.59259,1436585185.18519,1467977777.77778,1605351851.85185,1661962962.96296,1415059259.25926
Argentina,ARG,GDP (current US$),NY.GDP.MKTP.CD,423627422092.49,530163281574.658,545982375701.128,552025140252.246,526319673731.638,594749285413.212,557531376217.967,643628665302.155,517626700412.885,445445177459.453,383066977653.56
Armenia,ARM,GDP (current US$),NY.GDP.MKTP.CD,9260284937.79781,10142111334.4961,10619320048.5857,11121465767.4067,11609512939.7542,10553337672.9872,10546135160.031,11527458565.7334,12457941907.0333,13672802157.8324,12645459213.5235
Aruba,ABW,GDP (current US$),NY.GDP.MKTP.CD,2390502793.29609,2549720670.39106,2534636871.50838,2727849720.67039,2790849162.01117,2962905027.93296,2983636871.50838,3092430167.59777,3202188606.92893,..,..
Australia,AUS,GDP (current US$),NY.GDP.MKTP.CD,1146138465603.81,1396649906339.35,1546151783872.96,1576184467015.49,1467483705131.74,1351693984524.5,1208846993739.99,1329188475752.32,1432881172002.17,1396567014733.23,1330900925056.98
Austria,AUT,GDP (current US$),NY.GDP.MKTP.CD,391892746544.69,431120310088.82,409425234155.263,430068712971.867,441996131736.508,381817565893.574,395568644341.038,416207272209.538,454872626780.005,445075391688.156,428965397959.456
Azerbaijan,AZE,GDP (current US$),NY.GDP.MKTP.CD,52909294791.9262,65951627200.2026,69683935845.2139,74164435946.4627,75244294275.1498,53074370486.0433,37867518957.1975,40865558912.3867,47112941176.4706,48174235294.1176,42607176470.5882
"Bahamas, The",BHS,GDP (current US$),NY.GDP.MKTP.CD,10095760000,10070450000,10720500000,10568400000,11111600000,11710800000,11928500000,12490700000,13022100000,13578800000,11250000000
Bahrain,BHR,GDP (current US$),NY.GDP.MKTP.CD,25713271276.5957,28776595744.6809,30749308510.6383,32539468085.1064,33387712765.9574,31050638297.8723,32234973404.2553,35473776595.7447,37652500000,38474521276.5957,..
Bangladesh,BGD,GDP (current US$),NY.GDP.MKTP.CD,115279077465.226,128637938711.386,133355749482.478,149990451022.29,172885454931.453,195078678697.23,221415188000.475,249710922462.309,274038973437.275,302563398919.928,324239176765.053
Barbados,BRB,GDP (current US$),NY.GDP.MKTP.CD,4530000000,4657500000,4610000000,4677000000,4696500000,4715000000,4830000000,4978000000,5086500000,5209000000,4365500000
Belarus,BLR,GDP (current US$),NY.GDP.MKTP.CD,57222490768.7143,61757788944.7236,65685102554.8759,75527984234.2342,78813839984.3506,56454734396.5842,47722657820.6675,54726595249.1849,60031262269.3365,64409647193.8044,60258239055.5829
Belgium,BEL,GDP (current US$),NY.GDP.MKTP.CD,480951629493.033,522645519183.591,496181260258.3,521642714407.843,534678075827.361,462149679343.822,475739588764.759,501522868356.441,543410654016.602,533254518108.234,515332499627.861
Belize,BLZ,GDP (current US$),NY.GDP.MKTP.CD,1377177082.6384,1460797903.23406,1522897506.07849,1579411253.00514,1667335060.96064,1721700991.46912,1789304087.78561,1858529676.71857,1915899786.96407,1982518540.6134,1763696118.9519
Benin,BEN,GDP (current US$),NY.GDP.MKTP.CD,9535345011.48797,10693321370.036,11141358105.9853,12517845127.6775,13284527850.2632,11388160997.1089,11821065852.1271,12701655845.9612,14250987026.0533,14391686309.033,15651545208.8783
Bermuda,BMU,GDP (current US$),NY.GDP.MKTP.CD,6634526000,6312691000,6378188000,6465756000,6413988000,6654541000,6899911000,7142316000,7224329000,7484113000,..
Bhutan,BTN,GDP (current US$),NY.GDP.MKTP.CD,1547991317.81183,1777101316.67756,1781281281.57912,1756215665.09323,1907090813.45906,2003598212.99135,2158972129.00307,2450364928.07302,2446866404.93058,2530547157.56678,2409262838.21987
Bolivia,BOL,GDP (current US$),NY.GDP.MKTP.CD,19649631308.1648,23963033429.4364,27084497481.9103,30659338885.6729,32996188017.3661,33000198248.9146,33941126193.9219,37508642170.767,40287647930.5355,40895322850.9407,36688861202.6049
Bosnia and Herzegovina,BIH,GDP (current US$),NY.GDP.MKTP.CD,17176781336.7644,18644723860.9709,17226849297.07,18178503835.4491,18558343508.3435,16211541820.2438,16913330693.9653,18080118128.3854,20183510561.2553,20202479537.5193,19788422248.1072
Botswana,BWA,GDP (current US$),NY.GDP.MKTP.CD,12786654498.3514,15351972361.1477,14380004175.1194,14901750991.2012,16250781586.6579,14420593484.0557,15646354089.458,17405588070.4332,18663265549.0196,18362348887.5873,15781732825.8934
Brazil,BRA,GDP (current US$),NY.GDP.MKTP.CD,2208871646202.82,2616200980392.16,2465188674415.03,2472806919901.67,2455993625159.37,1802214373741.32,1795700168991.49,2063507864886.88,1916947014067.55,1877810514260.36,1444733258971.65
British Virgin Islands,VGB,GDP (current US$),NY.GDP.MKTP.CD,..,..,..,..,..,..,..,..,..,..,..
Brunei Darussalam,BRN,GDP (current US$),NY.GDP.MKTP.CD,13707370737.0737,18525319977.7407,19047940300.8963,18093829923.2737,17098342541.4365,12930394937.8137,11400854267.7188,12128104859.1498,13567351175.0315,13469422941.3919,12016056665.3473
Bulgaria,BGR,GDP (current US$),NY.GDP.MKTP.CD,50381825504.2642,57386216850.3377,54033250328.5151,55615397665.5809,56901994980.3283,50647442756.7445,53806894796.3801,58971520599.2509,66230155099.5775,68558815111.6199,69105101089.5531
Burkina Faso,BFA,GDP (current US$),NY.GDP.MKTP.CD,10109618964.2848,12080296644.0643,12561016091.4673,13444301139.1384,13943016923.9017,11832159275.603,12833363370.174,14106956830.0857,16059910870.6239,15990803569.9961,17369059295.2226
Burundi,BDI,GDP (current US$),NY.GDP.MKTP.CD,2032135191.46216,2235820808.72913,2333308059.02403,2451625280.19537,2705783330.38791,3104394792.28413,2959641046.92291,3172292379.36329,3036937141.27062,3012308945.62671,3258187232.63159
Cabo Verde,CPV,GDP (current US$),NY.GDP.MKTP.CD,1664310769.55229,1865915544.12445,1741809808.96442,1850470042.43281,1859898513.26858,1596800287.16405,1662998677.88425,1769787215.42141,1966983316.32593,1981845740.70615,1703698676.69742
Cambodia,KHM,GDP (current US$),NY.GDP.MKTP.CD,11242275198.9706,12829541141.0175,14054443213.4731,15227991395.2235,16702610842.4106,18049954289.4301,20016747754.0153,22177200511.5882,24571753583.504,27089389786.9684,25291251427.3979
Cameroon,CMR,GDP (current US$),NY.GDP.MKTP.CD,26169323292.5278,29375448542.4466,29102772799.0038,32357345500.9885,34989493826.2179,30928653813.8538,32643697595.8378,35009262788.15,38694156862.9922,39007354359.2798,39802147568.2174
Canada,CAN,GDP (current US$),NY.GDP.MKTP.CD,1617343367486.26,1793326630174.52,1828366481521.6,1846597421834.98,1805749878439.94,1556508816217.14,1527994741907.43,1649265644244.09,1721853332869.63,1741576393905.98,1643407977068.93
Cayman Islands,CYM,GDP (current US$),NY.GDP.MKTP.CD,4156990759.63038,4186223808.95236,4291159006.36025,4405954638.18553,4563017880.71523,4708336733.46934,4909498979.9592,5166467298.69195,5522625585.0234,5935769350.77403,..
Central African Republic,CAF,GDP (current US$),NY.GDP.MKTP.CD,2142591539.43547,2437982706.57518,2510126509.99477,1691544110.69163,1894813389.88179,1695825714.24273,1825018144.46194,2072349974.15257,2220979144.52018,2220307318.74886,2303078337.57431
Chad,TCD,GDP (current US$),NY.GDP.MKTP.CD,10668102734.8132,12172309522.6171,12367363677.6199,12953535495.8781,13940768065.6063,10950392219.9104,10097778353.7651,10000395242.1457,11239167048.4916,11314951342.7807,10093118570.2918
Channel Islands,CHI,GDP (current US$),NY.GDP.MKTP.CD,..,..,..,..,..,..,..,..,..,..,..
Chile,CHL,GDP (current US$),NY.GDP.MKTP.CD,218537551220.071,252251992029.442,267122320056.702,278384332694.359,260541637327.864,243919079437.373,250440149690.889,277034675515.671,297571693064.212,279385487344.526,252940023046.011
China,CHN,GDP (current US$),NY.GDP.MKTP.CD,6087163874510.73,7551500124197.17,8532229986993.65,9570406235659.64,10475682920597.7,11061553079871.5,11233276536744.7,12310409370894.2,13894817549380.3,14279937467431,14722730697890.1
Colombia,COL,GDP (current US$),NY.GDP.MKTP.CD,286563105192.456,334943871931.745,370921320483.841,382116126448.554,381112119657.445,293481748240.779,282825009887.458,311883730690.129,334198214706.209,323429888934.257,271346896626.418
Comoros,COM,GDP (current US$),NY.GDP.MKTP.CD,907978731.702123,1023086272.69622,1015843491.24635,1116224107.17116,1149587659.74502,966029599.801228,1012835492.51575,1077439756.12221,1178530633.81547,1165839899.80269,1219690024.50287
"Congo, Dem. Rep.",COD,GDP (current US$),NY.GDP.MKTP.CD,21565720044.4634,25839749198.8233,29306235826.3885,32679745297.6453,35909040265.9328,37917704900.0794,37134799974.5225,38019265625.8845,46831342212.5473,50400746171.4239,49868970641.1062
"Congo, Rep.",COG,GDP (current US$),NY.GDP.MKTP.CD,13135580695.2473,15634897272.7645,17693924573.2499,17953617927.2933,17889079957.9301,11885478502.053,10158508345.3104,11109029840.2479,13642740884.1356,12693562947.7856,10884686142.6442
Costa Rica,CRI,GDP (current US$),NY.GDP.MKTP.CD,37658614803.2775,42762617081.6522,47231651864.8284,50949672205.9168,52016408950.8936,56441917652.9812,58847016044.7363,60516043590.1832,62335931464.4979,63951114302.2599,61520669890.4037
Cote d'Ivoire,CIV,GDP (current US$),NY.GDP.MKTP.CD,24908781285.4756,25414875503.0784,26789047554.5988,31273074527.6975,35363533865.7271,45814637971.4745,47964234560.0514,51588158717.5348,58011466450.8643,58539424929.7248,61348579465.1017
Croatia,HRV,GDP (current US$),NY.GDP.MKTP.CD,59918313669.1671,62537851352.4904,56580819623.8529,58194069434.1423,57639588805.5871,49525747503.8149,51601147665.8089,55481644098.0495,61375222347.0256,60752588976.3175,55966581780.1688
Cuba,CUB,GDP (current US$),NY.GDP.MKTP.CD,64328000000,68990000000,73141000000,77148000000,80656000000,87133000000,91370000000,96851000000,100050000000,103131000000,..
Curacao,CUW,GDP (current US$),NY.GDP.MKTP.CD,..,3038699608.93855,3131096089.38547,3147616201.11732,3158406033.51955,3151910782.1229,3122287932.96089,3116610111.73184,3127908044.69274,3101787709.49721,..
Cyprus,CYP,GDP (current US$),NY.GDP.MKTP.CD,25732432719.0773,27565469097.9955,24978513426.6992,23900872625.8467,23156850006.6427,19842404304.8929,20953442550.3653,22729184365.1152,25309818138.8758,24949065263.6292,23804340376.9275
Czech Republic,CZE,GDP (current US$),NY.GDP.MKTP.CD,209069940963.177,229562733398.948,208857719320.649,211685616592.931,209358834156.329,188033050459.881,196272068576.338,218628940951.675,248950103352.137,250686478649.064,243530379896.813
Denmark,DNK,GDP (current US$),NY.GDP.MKTP.CD,321995279401.502,344003137611.271,327148943812.137,343584391647.927,352993631617.708,302673070846.857,313115929314.339,332121063806.391,356879499797.896,350104327658.675,355184024841.254
Djibouti,DJI,GDP (current US$),NY.GDP.MKTP.CD,1128611700.3618,1239144501.77525,1353632941.5207,2042817162.85639,2214681573.56933,2430287967.02678,2603554906.59464,2751461055.59307,3012820409.63313,3324634256.13324,3384404260.07202
Dominica,DMA,GDP (current US$),NY.GDP.MKTP.CD,493825925.925926,501025925.925926,485996296.296296,498296296.296296,520207407.407407,540737037.037037,576229629.62963,519837037.037037,551074074.074074,574607407.407407,469870370.37037
Dominican Republic,DOM,GDP (current US$),NY.GDP.MKTP.CD,53860175555.9961,58029750745.6495,60681537195.7996,62682163837.347,67179914026.9623,71164825256.6849,75704720189.5607,79997975621.8654,85555378042.8196,88941299733.5018,78844702329.0785
Ecuador,ECU,GDP (current US$),NY.GDP.MKTP.CD,69555367000,79276664000,87924544000,95129659000,101726331000,99290381000,99937696000,104295862000,107562008000,108108009000,98808010000
"Egypt, Arab Rep.",EGY,GDP (current US$),NY.GDP.MKTP.CD,218983666061.706,235989672977.625,279116666666.667,288434108527.132,305595408895.265,329366576819.407,332441717791.411,235733695652.174,249712999437.254,303080865603.645,363069245165.315
El Salvador,SLV,GDP (current US$),NY.GDP.MKTP.CD,18447920000,20283790000,21386150000,21990970000,22593460000,23438240000,24191430000,24979200000,26020850000,26896660000,24638720000
Equatorial Guinea,GNQ,GDP (current US$),NY.GDP.MKTP.CD,16314443428.9408,21357343681.8966,22388344123.9916,21948834290.3538,21765453087.4795,13185496881.4055,11240808846.6928,12200913887.6419,13097012189.3995,11417278044.9859,10021856754.4944
Eritrea,ERI,GDP (current US$),NY.GDP.MKTP.CD,1589515447.15447,2065001626.01626,..,..,..,..,..,..,..,..,..
Estonia,EST,GDP (current US$),NY.GDP.MKTP.CD,19685038567.3462,23394844085.1226,23192708981.8446,25271406707.566,26773473625.1921,23048864242.6072,24259552888.9717,26885077004.7802,30616184212.1592,31471100656.2431,31029968591.2779
Eswatini,SWZ,GDP (current US$),NY.GDP.MKTP.CD,4438778547.23269,4820499497.32134,4886658806.33374,4597702903.12892,4422304974.7989,4062660889.82685,3816018484.52711,4402972999.53486,4665424249.06156,4471598726.6436,3962493092.99308
Ethiopia,ETH,GDP (current US$),NY.GDP.MKTP.CD,29933790334.3418,31952763089.33,43310721414.0829,47648211133.2183,55612228233.5179,64589334978.8013,74296618481.0882,81770791970.982,84269348327.3454,95912590628.1412,107645054311.876
Faroe Islands,FRO,GDP (current US$),NY.GDP.MKTP.CD,2320424601.26954,2490807830.57351,2366301251.61847,2627049837.08135,2850743875.2784,2518096285.61661,2738832687.13698,2899226097.62377,3051341335.9516,3126293219.77989,..
Fiji,FJI,GDP (current US$),NY.GDP.MKTP.CD,3140508835.9485,3774530615.65916,3972012570.53467,4190143206.25611,4856963229.83999,4682546863.08162,4930204229.72263,5353404422.08138,5581393120.62853,5496250694.31587,4376014755.57615
Finland,FIN,GDP (current US$),NY.GDP.MKTP.CD,249181190476.369,275243697751.011,258304834621.605,271285280621.373,274497230802.958,234440080998.273,240607907010.383,255016517537.983,275849574507.692,268966065200,271233883403.892
France,FRA,GDP (current US$),NY.GDP.MKTP.CD,2642609548930.36,2861408170264.6,2683825225092.63,2811077725703.59,2852165760630.27,2438207896251.84,2471285607081.72,2588740901639.81,2786502569559.77,2715518274227.45,2603004395901.95
French Polynesia,PYF,GDP (current US$),NY.GDP.MKTP.CD,..,..,..,..,..,..,..,..,..,..,..
Gabon,GAB,GDP (current US$),NY.GDP.MKTP.CD,14372591916.4792,18210308748.2912,17170465294.0332,17595745653.3676,18203968001.8908,14383107714.0388,14023890620.3384,14929488770.7315,16862282413.8778,16874450215.1351,15593181270.9135
"Gambia, The",GMB,GDP (current US$),NY.GDP.MKTP.CD,1543292392.54605,1409694553.90934,1415006238.09509,1375608956.10386,1229460601.92174,1378176868.31568,1484579844.37143,1504909753.28746,1670670668.5939,1826073739.82522,1901930157.64528
Georgia,GEO,GDP (current US$),NY.GDP.MKTP.CD,12243505582.6741,15107441446.7833,16488403076.3641,17189551520.9811,17627003454.7205,14953950557.4406,15141758566.7808,16242916915.7203,17599700090.762,17477255562.2583,15891688903.1843
Germany,DEU,GDP (current US$),NY.GDP.MKTP.CD,3396354075663.73,3744408602683.94,3527344944139.83,3732743446218.92,3883920155292.26,3356235704119.75,3467498002104.33,3673506280844.4,3961831911429.22,3861123558039.21,3806060140124.52
Ghana,GHA,GDP (current US$),NY.GDP.MKTP.CD,32197272797.2028,39337314809.9434,41270954737.2459,62823043699.2187,51717482623.9132,47498906691.6182,54499451834.1061,58845211998.3455,65315955122.8077,67234292582.7606,72354428864.9032
Gibraltar,GIB,GDP (current US$),NY.GDP.MKTP.CD,..,..,..,..,..,..,..,..,..,..,..
Greece,GRC,GDP (current US$),NY.GDP.MKTP.CD,296835346570.223,282625610892.477,242053529231.146,238484046041.178,235295470067.176,195317994377.197,192732474229.218,199630819054.302,212146107548.996,205326724570.227,189410106620.016
Greenland,GRL,GDP (current US$),NY.GDP.MKTP.CD,2503156060.52524,2684467375.71479,2609667673.71601,2684952726.88425,2842048997.77283,2499115623.00272,2707146783.13056,2826651925.66902,3051626389.63671,..,..
Grenada,GRD,GDP (current US$),NY.GDP.MKTP.CD,771013259.259259,778655925.925926,799882259.259259,842620111.111111,911497407.407407,997007925.925926,1061631222.22222,1125685185.18519,1168696296.2963,1211403703.7037,1089203703.7037
Guam,GUM,GDP (current US$),NY.GDP.MKTP.CD,4949000000,4984000000,5265000000,5399000000,5610000000,5799000000,5901000000,6013000000,6051000000,6311000000,..
Guatemala,GTM,GDP (current US$),NY.GDP.MKTP.CD,40676432028.5934,46876114650.4996,49593961141.7484,52996540703.5943,57852399963.7878,62186186575.7433,66053725049.0138,71654134378.5299,73208583758.9105,77020015201.3201,77604632170.5853
Guinea,GIN,GDP (current US$),NY.GDP.MKTP.CD,6853467857.6196,6785137172.76517,7638045254.43072,8376613843.27475,8778473614.54971,8794202443.67754,8595955581.21266,10324668266.595,11857030336.5274,13513809258.2083,15681050917.1588
Guinea-Bissau,GNB,GDP (current US$),NY.GDP.MKTP.CD,849878424.225986,1099818651.98114,989271229.637162,1046087417.96916,1054915645.19654,1048229629.42039,1179004941.22904,1350177127.5523,1504630120.99275,1439638443.38133,1431758242.90375
Guyana,GUY,GDP (current US$),NY.GDP.MKTP.CD,3432913353.27805,3691384743.32286,4063090016.16068,4167801802.7918,4127664335.82693,4279840361.68334,4482697336.56174,4748174334.19019,4787635821.46116,5173759527.50705,5471256594.72422
Haiti,HTI,GDP (current US$),NY.GDP.MKTP.CD,11661585823.2282,13008748131.675,13708931889.7884,14498080022.6317,14790765759.5274,14857386163.9184,13723267960.8434,14213814582.7938,15965670198.4548,14332163266.3977,13417997065.1099
Honduras,HND,GDP (current US$),NY.GDP.MKTP.CD,15839344591.9842,17710315005.9999,18528601901.324,18499710127.8385,19756494434.7031,20979767785.2104,21717622071.3816,23136232229.6069,24067778953.842,25089976946.7736,23827840809.7014
"Hong Kong SAR, China",HKG,GDP (current US$),NY.GDP.MKTP.CD,228637697575.04,248513617677.287,262629441493.476,275696879834.966,291459356985.337,309383627028.561,320837638328.846,341244161576.759,361691522612.745,363016373358.517,346585881503.635
Hungary,HUN,GDP (current US$),NY.GDP.MKTP.CD,131916516051.985,141759722464.002,128475498380.379,135411698965.109,140765018880.633,125074286021.14,128470534117.954,142961605733.026,160431092908.646,163503650313.081,155012927629.087
Iceland,ISL,GDP (current US$),NY.GDP.MKTP.CD,13751161917.7398,15221622925.9319,14751508133.5443,16125060515.3117,17867662177.8911,17517210519.0912,20793168030.9524,24728285177.4603,26224228693.3954,24836714771.4638,21714670569.6033
India,IND,GDP (current US$),NY.GDP.MKTP.CD,1675615335600.56,1823049927772.05,1827637859136.23,1856722121394.42,2039127446299.3,2103587813812.2,2294797980509.51,2651472946375.05,2701111782774.57,2870504096717.48,2622983732006.45
Indonesia,IDN,GDP (current US$),NY.GDP.MKTP.CD,755094160363.071,892969107923.094,917869910105.749,912524136718.018,890814755233.225,860854235065.079,931877364177.742,1015618742565.81,1042271531011.99,1119091259074.62,1058423838345.14
"Iran, Islamic Rep.",IRN,GDP (current US$),NY.GDP.MKTP.CD,486807615326.147,580764902917.439,598868460912.847,460293149324.326,432687036177.818,384951479697.42,417983583565.54,445345256459.105,294356680624.658,258245497664.394,191718271483.759
Iraq,IRQ,GDP (current US$),NY.GDP.MKTP.CD,138516722649.573,185749664444.444,218002481737.691,234637675128.645,228415656174.957,166774109673.732,166602488747.885,190643898226.351,212271807144.367,222434137055.838,167224432560.319
Ireland,IRL,GDP (current US$),NY.GDP.MKTP.CD,222071182064.214,237644567329.291,224984397510.31,238483849535.574,258909619169.7,291521892625.047,299556360839.631,338503196943.167,385967106117.099,398590210120.337,418621818482.305
Isle of Man,IMN,GDP (current US$),NY.GDP.MKTP.CD,5920177688.50433,6566098381.6696,6690725118.48341,7000748788.49461,7708834951.45631,7085288006.11154,6846691871.45558,6979581724.58172,7491969312.87525,..,..
Israel,ISR,GDP (current US$),NY.GDP.MKTP.CD,234000056700.031,261013927690.223,257173086463.689,292692657451.921,310047504908.571,300122499721.281,318616506157.945,352667925811.028,370455651179.958,394652208893.138,401953804837.087
Italy,ITA,GDP (current US$),NY.GDP.MKTP.CD,2134017843247.16,2291991045770.29,2087077032435.15,2141315327318.21,2159133919743.77,1835899237320.04,1875797463583.87,1956950469673.29,2091117091124.1,2004913357800,1886445268340.71
Jamaica,JAM,GDP (current US$),NY.GDP.MKTP.CD,13220556882.7046,14444655299.8772,14807086889.2099,14264202737.3082,13899228824.2161,14188935947.5694,14077109396.8584,14808989993.3185,15730793852.7913,15830768549.8916,13812421803.4084
Japan,JPN,GDP (current US$),NY.GDP.MKTP.CD,5700098114744.41,6157459594823.72,6203213121334.12,5155717056270.83,4850413536037.84,4389475622588.97,4922538141454.62,4866864409657.68,4954806619995.19,5064872875604.59,..
Jordan,JOR,GDP (current US$),NY.GDP.MKTP.CD,27133804225.3521,29524149154.9296,31634561690.1408,34454440140.8451,36847643521.1268,38587017887.3239,39892551126.7606,41408960845.0704,42932112676.0563,44502895915.493,43697659275.3137
Kazakhstan,KAZ,GDP (current US$),NY.GDP.MKTP.CD,148047348240.643,192626507971.584,207998568865.789,236634552078.102,221415572819.5,184388432148.715,137278320084.171,166805800595.704,179339994859.384,181667190075.541,169835426427.153
Kenya,KEN,GDP (current US$),NY.GDP.MKTP.CD,40000088346.8041,41953433591.4101,50412754861.0191,55096728047.9408,61448046801.6041,64007750169.3344,69188755364.2995,78965004656.1823,87778582964.1388,95503088538.092,98842939649.1149
Kiribati,KIR,GDP (current US$),NY.GDP.MKTP.CD,156120895.248578,181705002.578649,190243321.598675,185113921.606488,179703443.302686,171117872.436331,178328873.030033,187276210.91355,196737895.995218,194647201.946472,199573325.992705
"Korea, Dem. People's Rep.",PRK,GDP (current US$),NY.GDP.MKTP.CD,..,..,..,..,..,..,..,..,..,..,..
"Korea, Rep.",KOR,GDP (current US$),NY.GDP.MKTP.CD,1144066965324.49,1253223044718.99,1278427634342.59,1370795199976.18,1484318219633.63,1465773245547.15,1500111596236.37,1623901496835.79,1724845615629.26,1646739219509.89,1630525005469.11
Kosovo,XKX,GDP (current US$),NY.GDP.MKTP.CD,5835874320.56211,6701698218.26281,6499807272.26005,7074777526.896,7396705194.63266,6442915788.30578,6719172016.82533,7245707184.81699,7942961738.30893,7953156068.06986,7611402165.24217
Kuwait,KWT,GDP (current US$),NY.GDP.MKTP.CD,115419399860.433,154068115942.029,174070382279.385,174161142454.161,162631412508.784,114567298105.683,109419728566.7,120707435412.358,138182400493.585,136196760180.976,..
Kyrgyz Republic,KGZ,GDP (current US$),NY.GDP.MKTP.CD,4794357795.07139,6197766118.59856,6605139933.41063,7335027591.91628,7468096566.71158,6678178340.45121,6813092065.83507,7702934800.12836,8271106196.04265,8871019822.76703,7735976612.64163
Lao PDR,LAO,GDP (current US$),NY.GDP.MKTP.CD,7127792629.58294,8749241114.18913,10191350119.6808,11942230508.334,13268458231.9284,14390442307.3996,15805692545.8723,16853087485.4118,17953786416.1431,18245925331.2396,19136194848.6534
Latvia,LVA,GDP (current US$),NY.GDP.MKTP.CD,23869752327.3325,28374734038.0031,28324787663.6545,30436727789.4364,31329367172.7409,27239653843.5022,28052325862.0461,30383528686.2906,34399206589.8596,34055464655.3254,33505185228.7067
Lebanon,LBN,GDP (current US$),NY.GDP.MKTP.CD,38443907042.3217,39927125961.194,44035991745.6716,46909335135.1244,48134486624.6103,49939374832.7031,51205122503.8143,53140638269.1211,54961275741.5589,51991634491.6345,33383246857.58
Lesotho,LSO,GDP (current US$),NY.GDP.MKTP.CD,2234731973.55119,2579421686.24912,2477702252.80078,2367113170.00373,2441053175.70743,2359759799.04224,2114323793.98266,2306843528.52853,2514146887.91664,2366213068.57507,1844510137.67817
Liberia,LBR,GDP (current US$),NY.GDP.MKTP.CD,1998000000,2398000000,2721000000,3067000000,3144000000,3177000000,3277826000,3285455000,3264000000,3070518100,2950000000
Libya,LBY,GDP (current US$),NY.GDP.MKTP.CD,74773444900.5368,34699395523.6073,81873662518.8238,65502870173.7831,41142722414.3351,27842131479.8726,26197143268.1243,37883243650.452,52607888717.9487,52091152228.3425,25418461532.2008
Liechtenstein,LIE,GDP (current US$),NY.GDP.MKTP.CD,5082366478.08994,5739977477.47748,5456009384.66461,6391735893.83968,6657170923.37918,6268391521.19701,6237264055.20601,6474256118.61481,6839145106.86164,..,..
Lithuania,LTU,GDP (current US$),NY.GDP.MKTP.CD,37128694028.243,43535051482.3869,42927454291.478,46523420074.4372,48533659592.1728,41418872976.1196,43018087237.5741,47640770634.427,53696648755.4347,54639938780.2352,55887271833.0025
Luxembourg,LUX,GDP (current US$),NY.GDP.MKTP.CD,53212476812.2957,60004630234.4135,56677961787.0717,61739352212.3049,66103853236.7572,57744457954.7297,60691483443.1221,64023412339.7075,70885325883.0941,71104919108.1411,73263982103.0119
"Macao SAR, China",MAC,GDP (current US$),NY.GDP.MKTP.CD,28241858488.9155,36845925519.4433,43189526777.5567,51536304807.6803,54903031137.7096,45060237946.149,45085114632.7125,50456765512.0857,55302446577.8879,55153707948.7021,..
Madagascar,MDG,GDP (current US$),NY.GDP.MKTP.CD,9982711030.26388,11551821062.3334,11578978052.8789,12423557906.9182,12522959157.2295,11323023786.5698,11848615018.398,13176313233.1978,13614412550.8722,14191911512.041,13720634105.403
Malawi,MWI,GDP (current US$),NY.GDP.MKTP.CD,6959655570.89098,8004000737.30717,6028487928.83351,5518880768.57955,6047813437.31804,6373212640.84604,5433040159.88747,8787570920.44408,9712994564.91596,10862613621.906,11961848552.5977
Malaysia,MYS,GDP (current US$),NY.GDP.MKTP.CD,255016609232.871,297951960784.314,314443149443.149,323277158906.979,338061963396.376,301354803994.367,301255380276.258,319112136545.438,358715057123.739,364681367531.684,336664444247.042
Maldives,MDV,GDP (current US$),NY.GDP.MKTP.CD,2588176054.6875,2774351760.03287,2886170571.69634,3295011381.75405,3697351596.83753,4109447297.00709,4379115587.82957,4754352303.8929,5299773143.69623,5642179170.45898,4030203166.77482
Mali,MLI,GDP (current US$),NY.GDP.MKTP.CD,10689167195.3375,12995113407.2335,12442036265.1484,13242691429.5942,14364937996.8661,13104764333.9941,14026048690.7312,15365714371.3316,17070866299.0945,17281815733.9596,17393761397.0805
Malta,MLT,GDP (current US$),NY.GDP.MKTP.CD,9035932122.49768,9638916481.06904,9462238211.48657,10551661176.7831,11626281387.0068,11091434483.5238,11721521912.7202,13221298307.8894,14864712990.1631,15215714309.0974,14647384607.604
Marshall Islands,MHL,GDP (current US$),NY.GDP.MKTP.CD,160407100,172188500,180436300,184840400,182142800,183814300,201510900,213204100,221588900,239462200,..
Mauritania,MRT,GDP (current US$),NY.GDP.MKTP.CD,5628882266.37767,6764635686.79345,6728208836.22143,7223063169.72749,6592537781.81518,6166857628.62212,6398744505.08129,6757333550.27933,7050987978.12063,7600650037.8463,7778525642.92883
Mauritius,MUS,GDP (current US$),NY.GDP.MKTP.CD,10003670690.3497,11518413429.9684,11668696526.2123,12129658758.3254,12803438964.9438,11692287066.381,12232469391.7573,13259348213.99,14181930162.4161,14046337854.8466,10914065306.2423
Mexico,MEX,GDP (current US$),NY.GDP.MKTP.CD,1057801295584.05,1180489601957.61,1201089987015.45,1274443084716.57,1315351183524.54,1171867608197.72,1078490651625.31,1158913035796.37,1222348807283.2,1268870527160.03,1076163316174.94
"Micronesia, Fed. Sts.",FSM,GDP (current US$),NY.GDP.MKTP.CD,296944100,311301600,327248700,317214400,319271200,316489900,332265200,366666800,401932300,408060600,..
Moldova,MDA,GDP (current US$),NY.GDP.MKTP.CD,6974960345.3712,8414360656.29632,8709165249.26928,9496684701.43325,9510219299.49557,7745231660.33425,8071480540.86068,9669759987.02633,11456728401.3069,11968699005.9801,11914040905.2626
Monaco,MCO,GDP (current US$),NY.GDP.MKTP.CD,5367625613.15127,6088808463.25167,5743029680.07195,6555983530.34932,7069616048.89066,6261622101.40908,6472990923.1791,6431314957.07185,7194024563.06094,7423709839.9194,..
Mongolia,MNG,GDP (current US$),NY.GDP.MKTP.CD,7189481824.07288,10409797649.3063,12292770631.1967,12582122604.1921,12226514722.0861,11749620619.5962,11186734674.3847,11425755279.5395,13108769495.7472,13996719329.4236,13137128659.479
Montenegro,MNE,GDP (current US$),NY.GDP.MKTP.CD,4143033275.88493,4544516982.18263,4087725812.66864,4466040642.84766,4594024179.62003,4054712082.54743,4377033429.26721,4856632399.45775,5506767831.83751,5542674764.89028,4778582336.18234
Morocco,MAR,GDP (current US$),NY.GDP.MKTP.CD,93216746661.5977,101370474295.109,98266306615.3632,106825649872.108,110081248587.369,101179808076.36,103311649248.024,109682728023.112,118096227400.092,119700325461.938,112870591694.044
Mozambique,MOZ,GDP (current US$),NY.GDP.MKTP.CD,11104648673.0016,14381552432.9494,16350804543.0515,16974320551.0213,17716084107.5888,15950969018.9458,11936999283.1791,13219084261.3664,14845870050.7092,15291448211.603,14021421105.9078
Myanmar,MMR,GDP (current US$),NY.GDP.MKTP.CD,51518307518.3343,54148124619.0983,53254531557.5056,58175459729.6908,59640204521.7773,60291736893.9397,61449392056.1488,67144725830.5753,68697759361.231,79844294296.0647,76185586096.7974
Namibia,NAM,GDP (current US$),NY.GDP.MKTP.CD,11431334446.8076,12523402326.9175,13042007432.3598,12043276401.4161,12435416063.4689,11335179560.987,10721994676.2429,12895153157.3463,13681065175.4861,12565772084.7441,10699926682.6513
Nauru,NRU,GDP (current US$),NY.GDP.MKTP.CD,47564520.3910861,66055407.6703145,96927201.4848422,98491843.6441982,104654365.188653,86779266.1619103,100087348.959092,109585941.624557,124021393.690412,118223430.124446,..
Nepal,NPL,GDP (current US$),NY.GDP.MKTP.CD,16002656434.4746,21621710002.5111,21703106502.4926,22162208956.0893,22731602969.6861,24360795410.1597,24524098184.4236,28971589213.134,33111525182.7133,34186180694.9285,33657175561.329
Netherlands,NLD,GDP (current US$),NY.GDP.MKTP.CD,846554894931.084,904085980796.018,838971306990.906,876923518850.405,890981311077.658,765264949780.999,783528181704.567,831809944960.879,913597086062.599,907050863145.097,912242335119.069
New Caledonia,NCL,GDP (current US$),NY.GDP.MKTP.CD,..,..,..,..,..,..,..,..,..,..,..
New Zealand,NZL,GDP (current US$),NY.GDP.MKTP.CD,146517541181.254,168291357111.739,176206659722.524,190906575136.003,201313497220.917,178064471137.921,188943457301.474,206950600690.395,212225726657.864,209127454522.901,212482013605.047
Nicaragua,NIC,GDP (current US$),NY.GDP.MKTP.CD,8758639096.47693,9774351930.71802,10532049076.9407,10982979274.1922,11880434070.7811,12756706583.3113,13286083644.8761,13785909906.1925,13025208219.7685,12611218627.0632,12621476263.8278
Niger,NER,GDP (current US$),NY.GDP.MKTP.CD,7851191899.3408,8772951261.81807,9426913349.22319,10224897934.722,10862944203.5591,9685577941.03195,10355006770.1014,11189541083.3975,12846952856.8458,12911689659.351,13678234008.4714
Nigeria,NGA,GDP (current US$),NY.GDP.MKTP.CD,361456622215.721,404993594133.582,455501524575.498,508692961937.492,546676374567.721,486803295097.89,404650006428.613,375746469538.666,397190484464.308,448120428858.769,432293776262.398
North Macedonia,MKD,GDP (current US$),NY.GDP.MKTP.CD,9412311665.9492,10494822518.6525,9743277661.79541,10816616379.3103,11361563307.4935,10071243243.2432,10680463278.8651,11310265324.7941,12679934731.3891,12547086168.4896,12266949805.1436
Northern Mariana Islands,MNP,GDP (current US$),NY.GDP.MKTP.CD,799000000,729000000,746000000,772000000,832000000,910000000,1230000000,1560000000,1302000000,1182000000,..
Norway,NOR,GDP (current US$),NY.GDP.MKTP.CD,428757038466.841,498283438454.281,509506317146.541,522761531914.894,498410050251.256,385801550067.169,368827142857.143,398393955268.99,436999692591.454,405510000000,362008956544.827
Oman,OMN,GDP (current US$),NY.GDP.MKTP.CD,56913065779.2588,67871907375.4484,76511069704.3228,78555622509.2653,80686929102.1927,68420257566.6036,65441278668.2947,70585606843.7797,79788768968.949,76331518668.5771,..
Pakistan,PAK,GDP (current US$),NY.GDP.MKTP.CD,177165635077.065,213587413183.996,224383620829.57,231218567178.979,244360888750.807,270556131701.171,278654637737.69,304567253219.097,314567541558.339,278221906022.841,263686552686.208
Palau,PLW,GDP (current US$),NY.GDP.MKTP.CD,185943000,196911100,212397800,221117200,241669800,280457700,295065400,286106800,280435700,268354900,..
Panama,PAN,GDP (current US$),NY.GDP.MKTP.CD,29440300000,34686200000,40429700000,45599900000,49921400000,54091800000,57907700000,62202700000,64928300000,66787900000,52938100000
Papua New Guinea,PNG,GDP (current US$),NY.GDP.MKTP.CD,14250755231.1257,17984910501.8979,21295659243.6168,21261432791.2675,23210682538.3928,21723531173.2409,20759069103.0961,22742613553.6879,24109509852.7402,24829107011.0701,23591523025.2864
Paraguay,PRY,GDP (current US$),NY.GDP.MKTP.CD,27237782849.6908,33756238766.5,33296438306.4747,38651334287.6732,40377987208.689,36211372702.8085,36089550659.0914,38997129473.5558,40225448340.6322,37906944074.6128,35304238230.1132
Peru,PER,GDP (current US$),NY.GDP.MKTP.CD,147528937028.778,171761737046.585,192648999090.082,201175469114.327,200789362451.567,189805300841.603,191895943823.887,211007207483.515,222574697255.522,228470919605.669,202014363787.233
Philippines,PHL,GDP (current US$),NY.GDP.MKTP.CD,208368726861.407,234216930369.796,261920509950.555,283902728260.716,297483247101.038,306446140628.709,318626761492.867,328480867142.69,346842094174.513,376823278560.849,361489354350
Poland,POL,GDP (current US$),NY.GDP.MKTP.CD,479834179020.33,528301269069.799,498523568248.119,521016262734.924,542477096211.761,477811911394.084,472630364208.177,526508877305.321,587408980271.71,595862086928.211,594164690894.936
Portugal,PRT,GDP (current US$),NY.GDP.MKTP.CD,237880908317.652,244797226567.109,216236608773.976,226369502104.236,229596170846.995,199313894327.486,206286022781.894,220811110492.149,242194788533.537,239510770948.274,231255587276.741
Puerto Rico,PRI,GDP (current US$),NY.GDP.MKTP.CD,98381300000,100351700000,101564800000,102450000000,102445800000,103375500000,104336700000,103445500000,100925000000,104914600000,103138300000
Qatar,QAT,GDP (current US$),NY.GDP.MKTP.CD,125122306346.154,167775268614.037,186833502362.128,198727642979.297,206224598564.624,161739955577.748,151732181857.113,161099122215.307,183334953813.209,175837550996.185,146373588866.511
Romania,ROU,GDP (current US$),NY.GDP.MKTP.CD,166309355234.589,183326740143.016,170635805316.879,190801346194.297,199959363430.073,177729210874.504,188128818486.401,211695422578.655,241457403085.042,249696854574.199,248715551366.635
Russian Federation,RUS,GDP (current US$),NY.GDP.MKTP.CD,1524917468442.01,2045925608274.37,2208295773643.15,2292473246621.08,2059241965490.83,1363481063446.77,1276786979221.81,1574199387070.9,1657328865709.99,1687448525466.61,1483497784867.6
Rwanda,RWA,GDP (current US$),NY.GDP.MKTP.CD,6121234528.98826,6881038269.61727,7650300319.83,7815599502.65683,8241332516.54991,8539048447.78065,8690485823.14546,9253098954.27769,9640280084.19572,10355974217.3735,10333991891.7032
Samoa,WSM,GDP (current US$),NY.GDP.MKTP.CD,663161517.850106,737401692.217475,760549587.136028,770021663.967789,756919917.334022,788307330.55567,799376439.530168,832153612.557186,821496064.526185,852250190.985485,807027244.42138
San Marino,SMR,GDP (current US$),NY.GDP.MKTP.CD,1881214370.93994,1813752783.96437,1604779647.95066,1678841811.66158,1673973694.69908,1419394771.21029,1468377272.13859,1528630707.49794,1655300872.53427,1616369645.99635,..
Sao Tome and Principe,STP,GDP (current US$),NY.GDP.MKTP.CD,196652514.267255,231489270.144529,250680845.747837,300554483.611626,346528329.183227,316066072.343754,345495614.979982,375614126.193877,412253809.728799,427425039.684339,472914469.91933
Saudi Arabia,SAU,GDP (current US$),NY.GDP.MKTP.CD,528207332640,671238840106.667,735974843360,746647127413.333,756350347333.333,654269902880,644935541440,688586244293.333,786521831573.333,792966838160,700117873249.269
Senegal,SEN,GDP (current US$),NY.GDP.MKTP.CD,16121314670.9653,17814284622.1718,17660871725.9977,18918668644.1941,19797254643.1212,17774766636.0459,19040312815.1337,20996564751.5994,23116699808.1723,23306213742.3602,24910904235.857
Serbia,SRB,GDP (current US$),NY.GDP.MKTP.CD,41819468691.8251,49258136128.9672,43309252921.0567,48394239474.6762,47062206677.6539,39655958842.5478,40692643373.0327,44179055279.8887,50640650221.4622,51475016532.1293,52960134078.6888
Seychelles,SYC,GDP (current US$),NY.GDP.MKTP.CD,969936525.298729,1065826669.89742,1060226125.62616,1328157608.83087,1343007845.04468,1377495054.04127,1426651768.82189,1524486800.36049,1586008999.74841,1581380268.64289,1124937500
Sierra Leone,SLE,GDP (current US$),NY.GDP.MKTP.CD,2578026297.15912,2942546781.04548,3801862611.36414,4920343194.99339,5015157815.73406,4218723875.1379,3674794530.18956,3739577973.23943,4085114794.22324,4121733705.29165,3865018882.89755
Singapore,SGP,GDP (current US$),NY.GDP.MKTP.CD,239809387605.427,279351168707.267,295087220933.024,307576360584.992,314851156183.411,308004146057.608,318763807455.664,343337750742.27,375981539145.907,374386306993.109,339998477929.985
Sint Maarten (Dutch part),SXM,GDP (current US$),NY.GDP.MKTP.CD,..,936089385.47486,985865921.787709,1022905027.93296,1245251396.64804,1253072625.69832,1263687150.83799,1191620111.73184,1185474860.3352,..,..
Slovak Republic,SVK,GDP (current US$),NY.GDP.MKTP.CD,90310718349.0156,99122802874.1718,94534730680.6023,98848641554.6311,101189715749.374,88467555243.7256,89655253976.4258,95209466459.44,105474651206.555,105119160234.117,104574146248.364
Slovenia,SVN,GDP (current US$),NY.GDP.MKTP.CD,48161250405.2468,51516366654.8197,46580457470.2769,48401896808.3064,49930685013.4603,43090173394.6913,44736333522.4522,48466592281.6155,54135187443.8136,54174227308.8862,52880473699.8803
Solomon Islands,SLB,GDP (current US$),NY.GDP.MKTP.CD,846797693.595387,1049952233.25874,1190994126.60431,1284698922.22785,1335538893.33315,1307061543.70981,1378551118.49224,1483758906.61054,1574599182.64697,1570215577.36071,1551245525.6045
Somalia,SOM,GDP (current US$),NY.GDP.MKTP.CD,..,..,..,3892402684.75612,3963532302.4655,4048860871.41323,4198485403.87919,4508845348.32757,4720727283.20485,4942319040.69822,4917607582.22895
South Africa,ZAF,GDP (current US$),NY.GDP.MKTP.CD,375349442837.24,416418874936.304,396332702639.496,366829390478.954,350904575292.317,317620522794.827,296357282715.109,349554116683.818,368288939768.322,351431649241.439,301923639269.552
South Sudan,SSD,GDP (current US$),NY.GDP.MKTP.CD,14602072410.9506,14907308932.7534,11931472169.4915,18426469016.9492,13962212847.4576,11997800760.2242,..,..,..,..,..
Spain,ESP,GDP (current US$),NY.GDP.MKTP.CD,1420722034063,1478772824224.03,1324820091194.67,1354757433212.72,1369398844599.58,1195119269971.52,1232076017361.53,1309297246509.31,1421459363680.67,1393490524517.64,1281199091016.35
Sri Lanka,LKA,GDP (current US$),NY.GDP.MKTP.CD,56725749221.9043,65292753005.4665,68434409315.1123,74317806538.3632,79356449840.5771,80604080688.5775,82401038709.5356,87421762728.6293,87954272082.1068,83975584254.4032,80706600228.6499
St. Kitts and Nevis,KNA,GDP (current US$),NY.GDP.MKTP.CD,760170370.37037,817759259.259259,800414814.814815,839770370.37037,916566666.666667,923155555.555555,971170370.37037,996944444.444444,1010822222.22222,1044711111.11111,927451851.851852
St. Lucia,LCA,GDP (current US$),NY.GDP.MKTP.CD,1486758037.03704,1576988407.40741,1605146777.77778,1664816740.74074,1755130814.81481,1808079888.88889,1865375222.22222,1999090407.40741,2065875074.07407,2122450629.62963,1703364240.74074
St. Martin (French part),MAF,GDP (current US$),NY.GDP.MKTP.CD,..,..,..,..,..,..,..,..,..,..,..
St. Vincent and the Grenadines,VCT,GDP (current US$),NY.GDP.MKTP.CD,681225925.925926,676129629.62963,692933333.333333,721207407.407407,727714814.814815,755400000,774429629.62963,792177777.777778,811300000,824718518.518518,809681481.481481
Sudan,SDN,GDP (current US$),NY.GDP.MKTP.CD,65633998265.3946,57892238677.5557,48243204173.7838,51215344066.2567,61731303935.2203,64458521787.0803,52804065669.9124,45017179069.0973,34522586970.0018,32250448249.4595,26110829190.4008
Suriname,SUR,GDP (current US$),NY.GDP.MKTP.CD,4368398047.64333,4422276621.78703,4980000000,5145757575.75758,5240606060.60606,5126291450.81511,3317438910.83068,3591623596.03082,3996247906.19765,4221373022.25798,3807922874.48306
Sweden,SWE,GDP (current US$),NY.GDP.MKTP.CD,495812558843.31,574094112972.733,552483727282.802,586841821796.891,581964017237.095,505103781349.757,515654671469.547,541018749769.097,555455371487.089,531283304459.667,537609865719.019
Switzerland,CHE,GDP (current US$),NY.GDP.MKTP.CD,603434493402.679,722038242134.62,692109693986.886,712748124222.61,734396591036.932,702149580770.901,695600652899.283,704478516963.855,735889205256.251,731474367940.429,747968636174.008
Syrian Arab Republic,SYR,GDP (current US$),NY.GDP.MKTP.CD,..,..,..,..,..,..,..,..,..,..,..
Tajikistan,TJK,GDP (current US$),NY.GDP.MKTP.CD,5642178579.58438,6522732202.50748,7633049792.09321,8448469837.53831,9112544556.05962,8271454300.59548,6992393787.40891,7536439875.08334,7765014424.33779,8300784856.87904,8194150301.78552
Tanzania,TZA,GDP (current US$),NY.GDP.MKTP.CD,32014249841.4151,34657139495.4031,39650530214.3287,45680532613.7591,49964788814.0926,47378599025.3044,49774021003.0748,53320625958.5628,57003713748.2316,61136873747.3324,62409748426.5824
Thailand,THA,GDP (current US$),NY.GDP.MKTP.CD,341104820155.464,370819140946.553,397558222957.17,420333203150.426,407339454060.678,401296437424.995,413366150655.591,456356961443.497,506611070188.362,544263968873.601,501794961925.244
Timor-Leste,TLS,GDP (current US$),NY.GDP.MKTP.CD,881826900,1054725400,1147779600,1395524600,1447311400,1594410800,1650608600,1599338100,1559894900,2017924900,1821000000
Togo,TGO,GDP (current US$),NY.GDP.MKTP.CD,3429461495.41335,3872459249.74631,3873308389.30006,4321655656.33177,4574986536.90791,4180866177.03946,6031632168.17391,6395472574.41445,7112200725.00232,7220395247.7424,7574635241.30191
Tonga,TON,GDP (current US$),NY.GDP.MKTP.CD,366840012.442325,414523388.461329,470714083.426751,450643615.180528,439878828.008608,437006227.162781,420540178.571429,460379144.989821,489235527.395387,512350059.421629,..
Trinidad and Tobago,TTO,GDP (current US$),NY.GDP.MKTP.CD,22157948396.2042,25433011405.3017,25763220107.0051,27268478564.5547,27615843098.0949,24959858249.4433,22386264807.3174,22385426653.883,23679919654.9891,23208326547.5327,21529824769.2969
Tunisia,TUN,GDP (current US$),NY.GDP.MKTP.CD,44050929160.2627,45810626509.4474,45044138549.2029,46251074044.439,47632390881.7812,43173531810.7667,41801284916.2011,39802554352.3188,39770478673.1648,39195716330.4253,39235672868.2722
Turkey,TUR,GDP (current US$),NY.GDP.MKTP.CD,776992599946.766,838762755164.179,880556375779.51,957783020853.031,938952628604.067,864316670330.882,869692960365.551,858996263095.858,778377023568.884,761428183369.171,720101212394.114
Turkmenistan,TKM,GDP (current US$),NY.GDP.MKTP.CD,22583157894.7368,29233333333.3333,35164210526.3158,39197543859.6491,43524210526.3158,35799714285.7143,36169428571.4286,37926285714.2857,40765428571.4286,45231428571.4286,..
Turks and Caicos Islands,TCA,GDP (current US$),NY.GDP.MKTP.CD,686787800,728789600,727161000,754238000,841070000,942070000,1032452000,1022365000,1113178000,1197415000,924583000
Tuvalu,TUV,GDP (current US$),NY.GDP.MKTP.CD,31823518.6204366,38711810.2114492,37671774.6945537,37509075.1110253,37290607.5356048,35492074.2243257,36547799.583705,40619251.9926426,42588164.9731022,47271463.3298575,48855550.2030142
Uganda,UGA,GDP (current US$),NY.GDP.MKTP.CD,26558908398.0404,27752046902.446,27188667092.7781,28791625085.1143,32472362948.833,32248116472.5115,29078589751.4596,30744473839.7437,32912338571.3403,35170037380.863,37372032557.5944
Ukraine,UKR,GDP (current US$),NY.GDP.MKTP.CD,136013155905.036,163159671670.265,175781379051.433,183310146378.081,133503411375.739,91030959454.6961,93355993628.5042,112190355158.178,130901858421.72,153929501862.341,155582008717.426
United Arab Emirates,ARE,GDP (current US$),NY.GDP.MKTP.CD,289787338325.391,350666031313.819,374590605854.323,390107556160.654,403137100068.074,358135057862.492,357045064669.843,385605506848.196,422215043594.282,421142267937.372,..
United Kingdom,GBR,GDP (current US$),NY.GDP.MKTP.CD,2481579504997.81,2659882040934.51,2704017284861.91,2783251090198.95,3065521109394.94,2932784751846.27,2693247611031.81,2662484018735.82,2857316524862.61,2830813507746.87,2707743777173.91
United States,USA,GDP (current US$),NY.GDP.MKTP.CD,14992052727000,15542581104000,16197007349000,16784849196000,17527163695000,18238300569000,18745075687000,19542979183000,20611860934000,21433224697000,20936600000000
Uruguay,URY,GDP (current US$),NY.GDP.MKTP.CD,40284481651.9021,47962439303.7247,51264390116.4909,57531233350.9101,57236013086.1223,53274304222.136,57236652490.1699,64233966861.2518,64515038268.1373,61231149880.5857,53628827440.3582
Uzbekistan,UZB,GDP (current US$),NY.GDP.MKTP.CD,46679875793.5724,56516280748.3777,63628854498.5024,68997168337.6782,76658542757.4707,81847410181.7953,81779012350.8833,59159945320.5667,50392607758.2324,57726542784.9204,57707189945.4214
Vanuatu,VUT,GDP (current US$),NY.GDP.MKTP.CD,670713208.084552,770153304.153832,747839697.746593,758304466.245339,772315721.265827,730870581.672312,780889605.899977,880043553.748442,914727908.137793,930337960.037478,854793640.145606
"Venezuela, RB",VEN,GDP (current US$),NY.GDP.MKTP.CD,393192354510.653,316482190800.364,381286237847.667,371005379786.566,482359318767.703,..,..,..,..,..,..
Vietnam,VNM,GDP (current US$),NY.GDP.MKTP.CD,115931749697.241,135539438559.709,155820001920.492,171222025117.381,186204652922.262,193241108709.536,205276172134.901,223779865815.183,245213686369.157,261921244843.172,271158442059.082
Virgin Islands (U.S.),VIR,GDP (current US$),NY.GDP.MKTP.CD,4339000000,4239000000,4095000000,3762000000,3622000000,3748000000,3873000000,3893000000,3984000000,..,..
West Bank and Gaza,PSE,GDP (current US$),NY.GDP.MKTP.CD,9681500000,11186100000,12208400000,13515500000,13989700000,13972400000,15405400000,16128000000,16276600000,17133500000,15561300000
"Yemen, Rep.",YEM,GDP (current US$),NY.GDP.MKTP.CD,30906749533.221,32726417212.348,35401341663.0425,40415235701.9871,43228585321.3272,42445102386.6049,30933825064.3657,26736138944.5558,23486269598.9858,..,..
Zambia,ZMB,GDP (current US$),NY.GDP.MKTP.CD,20265559483.8548,23459515275.5776,25503060420.026,28037239462.7142,27141023558.0829,21251216798.7762,20958412538.3093,25873601260.8353,26311637646.6539,23308688906.1288,19320053859.279
Zimbabwe,ZWE,GDP (current US$),NY.GDP.MKTP.CD,12041655200,14101920300,17114849900,19091020000,19495519600,19963120600,20548678100,19015327919.1087,19523622341.6133,16932434838.6928,16768513442.6415
Africa Eastern and Southern,AFE,GDP (current US$),NY.GDP.MKTP.CD,803688606377.652,896256075479.174,913197374145.501,927655465312.341,956318682604.139,893099720325.014,854751939466.57,962268990853.851,984032027895.521,977809241188.771,898474072150.353
Africa Western and Central,AFW,GDP (current US$),NY.GDP.MKTP.CD,580217267150.154,658428249866.884,716935231751.071,807818949699.141,846943079513.472,757492080699.648,687484728475.586,680989095100.78,738131279381.972,792078923887.672,786584975143.582
Arab World,ARB,GDP (current US$),NY.GDP.MKTP.CD,2111125616635.67,2494923345274.91,2769083177301.96,2849688199794.27,2884648185179.87,2513208408401.34,2461967082628.85,2511064813464.14,2758001019806.72,2811182227470.86,2530185792347.04
Caribbean small states,CSS,GDP (current US$),NY.GDP.MKTP.CD,64524447280.9871,69668272158.708,72051116148.0838,73419211007.4915,74439627824.1491,73063500000.9803,69496735798.6131,71763156883.7707,75432216540.9218,76644400521.136,68415253068.2718
Central Europe and the Baltics,CEB,GDP (current US$),NY.GDP.MKTP.CD,1316585584120.7,1448818332413.1,1352666800306.25,1422206484521.36,1464858797617.65,1292086768710.81,1320631381338.53,1462833446332.53,1644174835271.96,1668520366187.3,1644372278258.43
Early-demographic dividend,EAR,GDP (current US$),NY.GDP.MKTP.CD,8576600003890.37,9609321705096.68,10076933482439.4,10261105002159.5,10615976272032,10306669247463,10547542985530.6,11397555336619.6,11457073674938.5,11782968929039.6,10845901024093.1
East Asia & Pacific,EAS,GDP (current US$),NY.GDP.MKTP.CD,16990763894087.1,19681477559952.1,21065517287924,21316510680577.5,21996327244686.3,21904440888146.7,22653391943372.2,24223795431177.3,26352450117702.2,26916892986113.9,..
East Asia & Pacific (excluding high income),EAP,GDP (current US$),NY.GDP.MKTP.CD,7876717091447.72,9614405505106.71,10720903993610.1,11833482197223.7,12755768289745.4,13287040054360.4,13569980627868.9,14834229766065.1,16586777101494.7,17156128622048.8,17454153396870.2
East Asia & Pacific (IDA & IBRD countries),TEA,GDP (current US$),NY.GDP.MKTP.CD,7861457204525.05,9595886477860.35,10700265350899.5,11810748348156.1,12731309124373.7,13261565445436.8,13543999977309.3,14805913863912.2,16555121218015.4,17123379371247.2,17420835248019.9
Euro area,EMU,GDP (current US$),NY.GDP.MKTP.CD,12626207695632.6,13617896370499.2,12635903316916.9,13188825535935.2,13489216575577.6,11667231581453.3,11963764271196.6,12640555958300.5,13678330614580.3,13363549848680.3,12933363276561.7
Europe & Central Asia,ECS,GDP (current US$),NY.GDP.MKTP.CD,20991178793318.6,23267745493064.2,22432082553429.5,23441137793195.1,23764266963815.1,20476130622442,20408867237330,21601609622591.7,23155657495410.9,22828201129149.4,21960949545194.9
Europe & Central Asia (excluding high income),ECA,GDP (current US$),NY.GDP.MKTP.CD,3111286257559.26,3843565605092.33,4074705077727.23,4329802436641.44,4041744187936.65,3094795378990.3,2961397287993.34,3326908116206.88,3421588877159.18,3491568511353.26,3217679452264.09
Europe & Central Asia (IDA & IBRD countries),TEC,GDP (current US$),NY.GDP.MKTP.CD,3651038750248.76,4434404725514.62,4629809465599.21,4909012768810.51,4641860872954,3622133037888.2,3485628799867.33,3908898637610.25,4070373079777.92,4148183187257.79,3868307068397.35
European Union,EUU,GDP (current US$),NY.GDP.MKTP.CD,14541445664320.9,15738868154361.8,14632642649230.2,15291976140967,15631276120897.1,13543830082660.1,13883444699831.6,14727943783142,15956518442929.4,15633997955351.1,15192652399779.1
Fragile and conflict affected situations,FCS,GDP (current US$),NY.GDP.MKTP.CD,1520695276068.36,1543341244137.24,1776150711867.5,1870887865768.49,2031730162755.01,1800110329488.2,1639129985247.7,1676975053897.49,1796279850832.3,1915099191967.21,1734071057010.89
Heavily indebted poor countries (HIPC),HPC,GDP (current US$),NY.GDP.MKTP.CD,497633939936.042,547155026221.29,575978151387.457,641669797660.562,678023563644.382,665794410711.911,671572811964.428,716948186184.384,764543929212.911,789537243675.88,801469943817.275
High income,HIC,GDP (current US$),NY.GDP.MKTP.CD,45407319739440.4,49004221045032.1,49059218436759,49658067563625.2,50752633575821.2,47965780900057,48977796338975.8,51201521626373.6,54405284903699.9,54846285453818.9,53255168549696.3
IBRD only,IBD,GDP (current US$),NY.GDP.MKTP.CD,20019096942601,23644990415567.4,25141048332895,26562338492258.6,27471012811245.2,25940897345182.7,26151809852679.4,28866087354758.5,30647536029554.4,31357177768786.5,30032605030761.6
IDA & IBRD total,IBT,GDP (current US$),NY.GDP.MKTP.CD,21493059682977.4,25305276926255.1,26923081448211.5,28523243496381.8,29565359867468.9,28015294861311.7,28180986838493.3,30970110408649.4,32869215496332.8,33680957266845.8,32350795694820.6
IDA blend,IDB,GDP (current US$),NY.GDP.MKTP.CD,700019005505.713,804375869723.147,889579521926.625,965831920125.884,1036807352387.7,999690354041.435,930903842237.04,919474226980.617,959604463467.898,987263626955.732,955550161950.502
IDA only,IDX,GDP (current US$),NY.GDP.MKTP.CD,774067284792.039,851164103194.177,885743465109.462,992492158999.464,1057127836058.31,1078896616196.76,1105318283185.94,1192482879144.8,1271203826064.25,1350252498357.17,1383767789763.05
IDA total,IDA,GDP (current US$),NY.GDP.MKTP.CD,1478815100129.72,1662399695257.61,1785050448630.61,1967697876874.49,2104299978535.73,2086410313106.88,2039250773156.25,2110688903978.31,2228356756468.43,2332822025738.87,2330805085536.47
Late-demographic dividend,LTE,GDP (current US$),NY.GDP.MKTP.CD,13506800567376.6,16459319334580.7,17608000389701.8,18978677563922.7,19700559349905.8,18473312885797,18522161217449.6,20557708097246.3,22535018912642.5,22961683332059.9,22521399760589.9
Latin America & Caribbean,LCN,GDP (current US$),NY.GDP.MKTP.CD,5354170885284.65,6087219507908.61,6150593649949.81,6303189080239.61,6426823619044.39,5531155510354.61,5405520920068.15,6003763531340.16,5865831110516.88,5786726554928.08,4838097985061.95
Latin America & Caribbean (excluding high income),LAC,GDP (current US$),NY.GDP.MKTP.CD,4547338067672.41,5310229211102,5288327452642.47,5431239202702.66,5460163132683.33,4653088092007.6,4527157303795.28,5046523256120.21,4897955761446.68,4841640251322.17,4007837786207.94
Latin America & the Caribbean (IDA & IBRD countries),TLA,GDP (current US$),NY.GDP.MKTP.CD,5159091273821.61,5885324240937.12,5942622983733.29,6090301845617.56,6209426244963.11,5302256971775.61,5169862258291.88,5763511079852.59,5623101122795.78,5535010379191.35,4611107748612.96
Least developed countries: UN classification,LDC,GDP (current US$),NY.GDP.MKTP.CD,691461962064.593,776316589903.155,817747803078.106,895723388795.454,967654804026.309,951978180250.786,950921527687.52,1039614232529.88,1075615110117.57,1131451684833.93,1130187942283.95
Low & middle income,LMY,GDP (current US$),NY.GDP.MKTP.CD,20365705502197.8,24168276681186.3,25744973604266.9,27318637221993.9,28250608405525.9,26827273590878.7,26991045980166.5,29651326854372.8,31434957234643.8,32252234228551.2,30980178559592.6
Low income,LIC,GDP (current US$),NY.GDP.MKTP.CD,383244115871.036,407898795852.662,420914537116.372,459946112800.653,497811019787.332,497263761960.593,470822744409.825,486350413377.582,502363633203.449,531834685224.177,546661335346.153
Lower middle income,LMC,GDP (current US$),NY.GDP.MKTP.CD,5187232128411.47,5906401101271.7,6195683414243.4,6307742047940.43,6561460119567.91,6439837796354.41,6722961960319.86,7241764591199.76,7336705281131.43,7729875233288.06,7328773718411.43
Middle East & North Africa,MEA,GDP (current US$),NY.GDP.MKTP.CD,2768165379533.2,3280098594623.34,3576610117022.15,3548806416923.64,3563982238624.89,3132943747136.43,3146760043268.08,3267070786136.3,3388274443930.22,3430720936781.85,3098531138329.19
Middle East & North Africa (excluding high income),MNA,GDP (current US$),NY.GDP.MKTP.CD,1384912175998.83,1566956831882.25,1729886735904,1619261331095.11,1592859036118.69,1428596681862.35,1451355166163.97,1431432476945.16,1341059504338.88,1366023640539.95,1214678560587.73
Middle East & North Africa (IDA & IBRD countries),TMN,GDP (current US$),NY.GDP.MKTP.CD,1375212771108.06,1555739882461.73,1717650707605.29,1605624651407.95,1578718422012.2,1414423855937.98,1435690886769.07,1415006506813.16,1324450475281.05,1348515292345.82,1198762615121.48
Middle income,MIC,GDP (current US$),NY.GDP.MKTP.CD,19986264663724.1,23754894612896.3,25315251676059.5,26852248108123.3,27750785274437.3,26333244714729.7,26516584318675.4,29153757737687.9,30917603112934.9,31709624259848.6,30433091189388.5
North America,NAC,GDP (current US$),NY.GDP.MKTP.CD,16616030620486.3,17342220425174.5,18031752018521.6,18637912373835,19339327561439.9,19801463926217.1,20279970339907.4,21199387143244.1,22340938595869.6,23182285203906,22587300006483.9
Not classified,INX,GDP (current US$),NY.GDP.MKTP.CD,..,..,..,..,..,..,..,..,..,..,..
OECD members,OED,GDP (current US$),NY.GDP.MKTP.CD,45115360408643.2,48515594707909.4,48490804597909.5,49149217411326,50192651469585.9,47383213168536.8,48288124360650.9,50395090974018.7,53327471505093.5,53791284572855,52059613762688.1
Other small states,OSS,GDP (current US$),NY.GDP.MKTP.CD,322632622165.475,397158822365.755,414363806132.821,432445578061.314,446975168776.243,370954636401.155,366640783079.732,399208351427.105,443035376761.848,433454622124.212,377607677758.984
Pacific island small states,PSS,GDP (current US$),NY.GDP.MKTP.CD,6566824402.18097,7713434654.21094,8187035163.22642,8498098714.23933,9226348805.80855,9019943659.00476,9453367093.78928,10213198744.5181,10648756157.9936,10637424277.5219,9170736596.47727
Post-demographic dividend,PST,GDP (current US$),NY.GDP.MKTP.CD,42550729295926.4,45685931119833.1,45641024931446.8,46101860324218.2,47060942290187,44558051121128.2,45551709733193.2,47483868055092.8,50345397908613.2,50795259523739.9,49308104492761.5
Pre-demographic dividend,PRE,GDP (current US$),NY.GDP.MKTP.CD,1025517597337.45,1182591832186.5,1297362819141.69,1421498471964.17,1498314647966.99,1319824386706.79,1212331923187.34,1266378114995.4,1332425550522.63,1399441249557.88,1303276093315.24
Small states,SST,GDP (current US$),NY.GDP.MKTP.CD,393723893848.643,474540529178.674,494601957444.131,514362887783.044,530641145406.2,453038080061.14,445590885972.134,481184707055.394,529116349460.763,520736446922.87,455343539194.36
South Asia,SAS,GDP (current US$),NY.GDP.MKTP.CD,2060781195903.17,2274545488716.22,2300183795624.87,2360023451695.2,2584551170321.86,2700207657238.33,2926348779932.11,3348219136908.6,3436884615713.16,3596914996945.22,3351519770520.79
South Asia (IDA & IBRD),TSA,GDP (current US$),NY.GDP.MKTP.CD,2060781195903.17,2274545488716.22,2300183795624.87,2360023451695.2,2584551170321.86,2700207657238.33,2926348779932.11,3348219136908.6,3436884615713.16,3596914996945.22,3351519770520.79
Sub-Saharan Africa,SSF,GDP (current US$),NY.GDP.MKTP.CD,1384002515295.2,1554802475477.04,1630356351771.74,1735880177198.15,1803680014727.28,1650982515526.5,1542336352205.24,1642690038817.99,1721887825085.79,1770043307715.18,1685631629892.34
Sub-Saharan Africa (excluding high income),SSA,GDP (current US$),NY.GDP.MKTP.CD,1383032723160.15,1553736832741.49,1629296447405.67,1734551914589.04,1802336897655.55,1649604920994.31,1540908583710.7,1641164325953.98,1720300618616.64,1768461055198.11,1684508652005.79
Sub-Saharan Africa (IDA & IBRD countries),TSS,GDP (current US$),NY.GDP.MKTP.CD,1384002515295.2,1554802475477.04,1630356351771.75,1735880177198.15,1803680014727.28,1650982515526.5,1542336352205.24,1642690038817.99,1721887825085.79,1770043307715.18,1685631629892.34
Upper middle income,UMC,GDP (current US$),NY.GDP.MKTP.CD,14799032535312.6,17848493511624.6,19119568261816.1,20544506060182.9,21189325154869.4,19893406918375.3,19793622358355.6,21911993146488.1,23580897831803.5,23979749026560.5,23104877770162.5
World,WLD,GDP (current US$),NY.GDP.MKTP.CD,66162662288516.2,73479856565982.9,75172809759239.9,77331908388819.2,79468864487095.5,75233601708128.7,76417252932190.9,81326724569979.8,86343514250201.5,87607773878148.9,84705425882119
,,,,,,,,,,,,,,
,,,,,,,,,,,,,,
,,,,,,,,,,,,,,
Data from database: World Development Indicators,,,,,,,,,,,,,,
Last Updated: 09/15/2021,,,,,,,,,,,,,,
